Company Code,EmployeeID,Address Start Date,Address End Date,AddressLine1,City,State,ZipCode,Country,Notes,Add Name,Add Date
202,1001,2016-07-25,,704 Oak St,Austin,TX,22280,USA,,System_Admin,2025-01-01
202,1002,2021-04-17,,325 Oak St,New York,TX,30926,USA,,System_Admin,2025-01-01
202,1003,2023-07-25,,199 Oak St,Chicago,CO,44671,USA,,System_Admin,2025-01-01
202,1004,2019-03-31,,733 Oak St,San Antonio,TX,16006,USA,,System_Admin,2025-01-01
202,1005,2024-09-19,,954 Oak St,Houston,IL,56566,USA,,System_Admin,2025-01-01
202,1006,2016-12-01,,488 Oak St,San Antonio,IL,17331,USA,,System_Admin,2025-01-01
202,1007,2025-02-17,,771 Oak St,Los Angeles,CA,28726,USA,,System_Admin,2025-02-17
202,1008,2021-01-16,,508 Oak St,San Antonio,NY,76784,USA,,System_Admin,2025-01-01
202,1009,2016-09-18,,165 Oak St,Los Angeles,CO,71348,USA,,System_Admin,2025-01-01
202,1010,2016-04-14,,448 Main St,New York,CA,30730,USA,,System_Admin,2025-01-01
202,1011,2023-07-18,,405 Pine St,San Antonio,NY,59009,USA,,System_Admin,2025-01-01
202,1012,2021-09-19,,471 Oak St,San Antonio,TX,41571,USA,,System_Admin,2025-01-01
202,1013,2023-07-13,,586 Pine St,Houston,IL,79163,USA,,System_Admin,2025-01-01
202,1014,2022-09-26,,765 Oak St,Denver,CO,69177,USA,,System_Admin,2025-01-01
202,1015,2015-03-28,,325 Main St,Dallas,TX,40007,USA,,System_Admin,2025-01-01
202,1016,2017-09-01,,652 Main St,Denver,NY,71993,USA,,System_Admin,2025-01-01
202,1017,2019-11-01,,984 Pine St,Austin,TX,17944,USA,,System_Admin,2025-01-01
202,1018,2017-02-18,,287 Oak St,Denver,NY,19880,USA,,System_Admin,2025-01-01
202,1019,2021-01-23,,270 Oak St,Denver,CA,38016,USA,,System_Admin,2025-01-01
202,1020,2019-05-19,,813 Pine St,Denver,NY,34890,USA,,System_Admin,2025-01-01
202,1021,2021-01-29,,698 Oak St,Houston,TX,76562,USA,,System_Admin,2025-01-01
202,1022,2022-07-28,,708 Main St,Dallas,CA,96163,USA,,System_Admin,2025-01-01
202,1023,2018-07-10,,787 Pine St,New York,CA,51441,USA,,System_Admin,2025-01-01
202,1024,2021-04-25,,371 Main St,Chicago,TX,42018,USA,,System_Admin,2025-01-01
202,1025,2025-06-20,,783 Pine St,New York,TX,27601,USA,,System_Admin,2025-06-20
202,1026,2016-09-28,,451 Main St,New York,CO,74032,USA,,System_Admin,2025-01-01
202,1027,2024-04-20,,752 Oak St,Houston,CA,82309,USA,,System_Admin,2025-01-01
202,1028,2024-11-26,,954 Oak St,Houston,CA,26704,USA,,System_Admin,2025-01-01
202,1029,2023-12-05,,205 Oak St,Los Angeles,CO,30257,USA,,System_Admin,2025-01-01
202,1030,2015-04-12,,984 Pine St,San Antonio,IL,30866,USA,,System_Admin,2025-01-01
202,1031,2017-06-30,,940 Main St,San Antonio,TX,96511,USA,,System_Admin,2025-01-01
202,1032,2015-10-12,,621 Oak St,Chicago,TX,25118,USA,,System_Admin,2025-01-01
202,1033,2017-12-23,,846 Oak St,Los Angeles,CO,77033,USA,,System_Admin,2025-01-01
202,1034,2015-07-01,,925 Pine St,San Antonio,IL,66531,USA,,System_Admin,2025-01-01
202,1035,2024-07-05,,782 Oak St,Chicago,CA,48752,USA,,System_Admin,2025-01-01
202,1036,2019-04-02,,661 Main St,New York,IL,37549,USA,,System_Admin,2025-01-01
202,1037,2020-03-19,,584 Pine St,Houston,TX,47196,USA,,System_Admin,2025-01-01
202,1038,2017-07-09,,147 Main St,Denver,CO,19545,USA,,System_Admin,2025-01-01
202,1039,2022-10-23,,251 Pine St,Austin,TX,65724,USA,,System_Admin,2025-01-01
202,1040,2025-06-23,,920 Oak St,Chicago,CA,90301,USA,,System_Admin,2025-06-23
202,1041,2023-05-05,,383 Pine St,Denver,NY,45992,USA,,System_Admin,2025-01-01
202,1042,2018-10-07,,254 Main St,Los Angeles,NY,38043,USA,,System_Admin,2025-01-01
202,1043,2020-03-23,,498 Pine St,Austin,CO,59857,USA,,System_Admin,2025-01-01
202,1044,2019-05-17,,852 Pine St,San Antonio,CA,38760,USA,,System_Admin,2025-01-01
202,1045,2018-10-08,,269 Oak St,Houston,CO,80008,USA,,System_Admin,2025-01-01
202,1046,2015-04-22,,286 Main St,New York,CA,52906,USA,,System_Admin,2025-01-01
202,1047,2024-11-12,,954 Main St,Denver,TX,80702,USA,,System_Admin,2025-01-01
202,1048,2023-10-05,,304 Main St,Houston,NY,26544,USA,,System_Admin,2025-01-01
202,1049,2020-03-19,,720 Pine St,Dallas,NY,50768,USA,,System_Admin,2025-01-01
202,1050,2021-06-16,,303 Main St,San Antonio,TX,49529,USA,,System_Admin,2025-01-01
202,1051,2019-10-21,,763 Oak St,Austin,CA,74251,USA,,System_Admin,2025-01-01
202,1052,2024-04-17,,851 Pine St,New York,CO,80539,USA,,System_Admin,2025-01-01
202,1053,2021-08-23,,385 Oak St,San Antonio,CA,84691,USA,,System_Admin,2025-01-01
202,1054,2025-04-25,,916 Oak St,Chicago,IL,88139,USA,,System_Admin,2025-04-25
202,1055,2025-03-21,,668 Main St,Denver,CA,68743,USA,,System_Admin,2025-03-21
202,1056,2022-10-04,,666 Pine St,Chicago,CA,82140,USA,,System_Admin,2025-01-01
202,1057,2017-10-26,,222 Pine St,Houston,NY,38361,USA,,System_Admin,2025-01-01
202,1058,2020-11-18,,403 Main St,Chicago,NY,49618,USA,,System_Admin,2025-01-01
202,1059,2015-08-12,,989 Oak St,Dallas,TX,85243,USA,,System_Admin,2025-01-01
202,1060,2025-03-20,,941 Main St,Los Angeles,CA,19710,USA,,System_Admin,2025-03-20
202,1061,2018-05-29,,882 Oak St,San Antonio,CO,59856,USA,,System_Admin,2025-01-01
202,1062,2019-10-23,,857 Main St,San Antonio,NY,44687,USA,,System_Admin,2025-01-01
202,1063,2015-11-04,,805 Pine St,Denver,IL,14278,USA,,System_Admin,2025-01-01
202,1064,2020-02-03,,906 Pine St,San Antonio,CA,25043,USA,,System_Admin,2025-01-01
202,1065,2015-10-20,,866 Pine St,New York,CA,26299,USA,,System_Admin,2025-01-01
202,1066,2020-08-11,,712 Main St,Los Angeles,IL,89129,USA,,System_Admin,2025-01-01
202,1067,2022-07-24,,941 Oak St,Austin,NY,71669,USA,,System_Admin,2025-01-01
202,1068,2019-11-21,,456 Oak St,Chicago,IL,97835,USA,,System_Admin,2025-01-01
202,1069,2025-06-07,,137 Oak St,Dallas,IL,43082,USA,,System_Admin,2025-06-07
202,1070,2024-04-01,,155 Main St,Chicago,CO,75338,USA,,System_Admin,2025-01-01
202,1071,2016-06-20,,129 Pine St,San Antonio,NY,50730,USA,,System_Admin,2025-01-01
202,1072,2024-06-08,,952 Main St,Denver,IL,76698,USA,,System_Admin,2025-01-01
202,1073,2017-09-25,,295 Pine St,Houston,TX,46208,USA,,System_Admin,2025-01-01
202,1074,2015-01-11,,557 Pine St,Denver,IL,53573,USA,,System_Admin,2025-01-01
202,1075,2022-10-27,,144 Oak St,Denver,CA,60604,USA,,System_Admin,2025-01-01
202,1076,2021-08-14,,638 Oak St,Austin,NY,63736,USA,,System_Admin,2025-01-01
202,1077,2017-12-21,,182 Oak St,Los Angeles,IL,92155,USA,,System_Admin,2025-01-01
202,1078,2017-08-19,,878 Pine St,Dallas,CA,31805,USA,,System_Admin,2025-01-01
202,1079,2015-08-18,,249 Main St,Los Angeles,CO,99364,USA,,System_Admin,2025-01-01
202,1080,2024-10-06,,697 Main St,San Antonio,CA,93611,USA,,System_Admin,2025-01-01
202,1081,2024-01-09,,175 Oak St,Chicago,CO,49210,USA,,System_Admin,2025-01-01
202,1082,2017-03-26,,490 Pine St,Chicago,CO,48780,USA,,System_Admin,2025-01-01
202,1083,2021-05-07,,863 Oak St,New York,NY,89569,USA,,System_Admin,2025-01-01
202,1084,2022-08-08,,907 Oak St,Austin,CO,57823,USA,,System_Admin,2025-01-01
202,1085,2019-08-29,,997 Oak St,New York,NY,43681,USA,,System_Admin,2025-01-01
202,1086,2020-04-02,,841 Pine St,Los Angeles,CO,57942,USA,,System_Admin,2025-01-01
202,1087,2016-05-21,,490 Pine St,Chicago,TX,98452,USA,,System_Admin,2025-01-01
202,1088,2021-04-18,,943 Oak St,New York,CA,25292,USA,,System_Admin,2025-01-01
202,1089,2020-07-10,,238 Oak St,Denver,IL,97881,USA,,System_Admin,2025-01-01
202,1090,2022-05-06,,133 Pine St,Chicago,NY,68115,USA,,System_Admin,2025-01-01
202,1091,2022-09-09,,507 Oak St,San Antonio,TX,69600,USA,,System_Admin,2025-01-01
202,1092,2015-07-27,,905 Pine St,San Antonio,TX,82641,USA,,System_Admin,2025-01-01
202,1093,2017-08-12,,979 Main St,Houston,CO,42853,USA,,System_Admin,2025-01-01
202,1094,2019-01-07,,278 Oak St,Austin,NY,65176,USA,,System_Admin,2025-01-01
202,1095,2025-05-04,,615 Main St,Austin,CO,49535,USA,,System_Admin,2025-05-04
202,1096,2024-07-02,,829 Oak St,Dallas,TX,52219,USA,,System_Admin,2025-01-01
202,1097,2022-02-06,,711 Pine St,New York,CA,76263,USA,,System_Admin,2025-01-01
202,1098,2022-04-20,,447 Oak St,Los Angeles,CA,22463,USA,,System_Admin,2025-01-01
202,1099,2019-03-14,,193 Main St,Dallas,CA,22656,USA,,System_Admin,2025-01-01
202,1100,2021-04-19,,462 Pine St,Los Angeles,TX,47700,USA,,System_Admin,2025-01-01
202,1101,2017-05-21,,458 Pine St,Chicago,TX,46512,USA,,System_Admin,2025-01-01
202,1102,2024-03-06,,773 Pine St,New York,TX,33647,USA,,System_Admin,2025-01-01
202,1103,2017-01-13,,245 Pine St,Austin,TX,79531,USA,,System_Admin,2025-01-01
202,1104,2025-03-13,,710 Main St,Austin,NY,30632,USA,,System_Admin,2025-03-13
202,1105,2025-05-20,,379 Main St,Dallas,IL,66349,USA,,System_Admin,2025-05-20
202,1106,2025-07-21,,713 Main St,Austin,NY,49507,USA,,System_Admin,2025-07-21
202,1107,2016-05-06,,232 Oak St,San Antonio,CO,83233,USA,,System_Admin,2025-01-01
202,1108,2015-06-23,,689 Oak St,Los Angeles,CA,47947,USA,,System_Admin,2025-01-01
202,1109,2016-12-04,,470 Main St,Los Angeles,TX,41891,USA,,System_Admin,2025-01-01
202,1110,2025-05-13,,441 Main St,Dallas,CO,92998,USA,,System_Admin,2025-05-13
202,1111,2023-09-15,,205 Main St,New York,NY,32740,USA,,System_Admin,2025-01-01
202,1112,2022-01-16,,678 Pine St,Chicago,IL,29786,USA,,System_Admin,2025-01-01
202,1113,2025-04-19,,619 Main St,New York,CA,69233,USA,,System_Admin,2025-04-19
202,1114,2015-11-11,,573 Pine St,Austin,CA,84928,USA,,System_Admin,2025-01-01
202,1115,2025-03-11,,831 Main St,Houston,TX,42472,USA,,System_Admin,2025-03-11
202,1116,2025-03-13,,518 Oak St,Austin,IL,18639,USA,,System_Admin,2025-03-13
202,1117,2018-03-09,,183 Pine St,Houston,IL,50662,USA,,System_Admin,2025-01-01
202,1118,2015-12-14,,910 Oak St,Houston,CO,22249,USA,,System_Admin,2025-01-01
202,1119,2018-06-19,,296 Main St,Houston,NY,20114,USA,,System_Admin,2025-01-01
202,1120,2024-05-13,,444 Pine St,Houston,CO,59377,USA,,System_Admin,2025-01-01
202,1121,2023-08-25,,520 Oak St,San Antonio,CA,90031,USA,,System_Admin,2025-01-01
202,1122,2025-04-21,,794 Pine St,Denver,CA,46932,USA,,System_Admin,2025-04-21
202,1123,2025-03-14,,153 Pine St,Denver,IL,82684,USA,,System_Admin,2025-03-14
202,1124,2023-07-23,,250 Oak St,Dallas,NY,69130,USA,,System_Admin,2025-01-01
202,1125,2020-08-18,,483 Main St,Austin,IL,22987,USA,,System_Admin,2025-01-01
202,1126,2024-04-21,,580 Oak St,Austin,TX,12490,USA,,System_Admin,2025-01-01
202,1127,2025-08-06,,894 Oak St,San Antonio,IL,25970,USA,,System_Admin,2025-08-06
202,1128,2021-12-26,,648 Main St,San Antonio,NY,48177,USA,,System_Admin,2025-01-01
202,1129,2021-05-26,,469 Main St,Austin,CA,71621,USA,,System_Admin,2025-01-01
202,1130,2015-03-08,,850 Pine St,Dallas,CO,53583,USA,,System_Admin,2025-01-01
202,1131,2025-08-28,,590 Pine St,Houston,NY,18270,USA,,System_Admin,2025-08-28
202,1132,2023-11-15,,627 Oak St,Denver,IL,14799,USA,,System_Admin,2025-01-01
202,1133,2015-07-15,,509 Pine St,Denver,CA,54438,USA,,System_Admin,2025-01-01
202,1134,2023-12-10,,534 Main St,Los Angeles,CO,33652,USA,,System_Admin,2025-01-01
202,1135,2022-05-31,,834 Oak St,Houston,CA,56077,USA,,System_Admin,2025-01-01
202,1136,2019-11-17,,752 Oak St,Chicago,CO,99051,USA,,System_Admin,2025-01-01
202,1137,2022-08-09,,168 Main St,Chicago,IL,60181,USA,,System_Admin,2025-01-01
202,1138,2019-02-28,,240 Pine St,Chicago,CA,51207,USA,,System_Admin,2025-01-01
202,1139,2017-02-01,,220 Oak St,New York,CA,38124,USA,,System_Admin,2025-01-01
202,1140,2024-07-25,,555 Main St,Chicago,IL,18511,USA,,System_Admin,2025-01-01
202,1141,2022-11-08,,329 Main St,San Antonio,NY,41029,USA,,System_Admin,2025-01-01
202,1142,2019-02-20,,188 Main St,New York,CA,72739,USA,,System_Admin,2025-01-01
202,1143,2018-07-22,,796 Pine St,Chicago,NY,82260,USA,,System_Admin,2025-01-01
202,1144,2025-09-11,,411 Main St,Houston,IL,39552,USA,,System_Admin,2025-09-11
202,1145,2017-10-23,,740 Oak St,Dallas,CO,94015,USA,,System_Admin,2025-01-01
202,1146,2022-05-22,,142 Main St,Dallas,TX,94076,USA,,System_Admin,2025-01-01
202,1147,2025-07-14,,757 Oak St,Denver,NY,99783,USA,,System_Admin,2025-07-14
202,1148,2015-09-03,,575 Main St,Chicago,CO,28830,USA,,System_Admin,2025-01-01
202,1149,2016-06-19,,208 Oak St,San Antonio,CA,26059,USA,,System_Admin,2025-01-01
202,1150,2015-07-27,,986 Main St,Chicago,CO,50988,USA,,System_Admin,2025-01-01
202,1151,2020-03-27,,192 Oak St,Denver,NY,38199,USA,,System_Admin,2025-01-01
202,1152,2021-09-13,,649 Main St,Dallas,CA,27555,USA,,System_Admin,2025-01-01
202,1153,2019-06-29,,666 Oak St,Dallas,CA,76093,USA,,System_Admin,2025-01-01
202,1154,2021-12-27,,199 Oak St,Chicago,IL,83116,USA,,System_Admin,2025-01-01
202,1155,2019-07-03,,830 Oak St,Denver,CO,69898,USA,,System_Admin,2025-01-01
202,1156,2021-11-16,,857 Oak St,Chicago,CO,76809,USA,,System_Admin,2025-01-01
202,1157,2025-02-05,,697 Oak St,Austin,CO,72205,USA,,System_Admin,2025-02-05
202,1158,2015-07-30,,744 Pine St,Los Angeles,NY,99224,USA,,System_Admin,2025-01-01
202,1159,2016-03-26,,528 Main St,Los Angeles,NY,63788,USA,,System_Admin,2025-01-01
202,1160,2025-06-24,,485 Oak St,Houston,CA,79878,USA,,System_Admin,2025-06-24
202,1161,2024-09-23,,595 Main St,San Antonio,IL,83149,USA,,System_Admin,2025-01-01
202,1162,2022-11-27,,591 Oak St,New York,IL,25974,USA,,System_Admin,2025-01-01
202,1163,2024-01-09,,831 Main St,Chicago,CA,95979,USA,,System_Admin,2025-01-01
202,1164,2021-01-15,,211 Pine St,San Antonio,NY,16653,USA,,System_Admin,2025-01-01
202,1165,2018-09-14,,889 Main St,Austin,CO,30701,USA,,System_Admin,2025-01-01
202,1166,2023-06-24,,160 Main St,San Antonio,CO,14888,USA,,System_Admin,2025-01-01
202,1167,2015-05-29,,866 Oak St,Austin,TX,49110,USA,,System_Admin,2025-01-01
202,1168,2025-07-15,,971 Pine St,Denver,IL,35272,USA,,System_Admin,2025-07-15
202,1169,2022-04-09,,445 Oak St,San Antonio,NY,90079,USA,,System_Admin,2025-01-01
202,1170,2019-06-30,,588 Oak St,San Antonio,TX,44181,USA,,System_Admin,2025-01-01
202,1171,2018-09-12,,769 Oak St,San Antonio,TX,97528,USA,,System_Admin,2025-01-01
202,1172,2022-09-11,,402 Oak St,San Antonio,NY,27507,USA,,System_Admin,2025-01-01
202,1173,2021-10-17,,875 Pine St,San Antonio,NY,99173,USA,,System_Admin,2025-01-01
202,1174,2025-05-04,,948 Pine St,San Antonio,CO,80341,USA,,System_Admin,2025-05-04
202,1175,2019-12-15,,622 Oak St,Austin,CA,27294,USA,,System_Admin,2025-01-01
202,1176,2020-03-08,,360 Main St,San Antonio,CO,19572,USA,,System_Admin,2025-01-01
202,1177,2021-01-25,,393 Oak St,Houston,NY,94085,USA,,System_Admin,2025-01-01
202,1178,2025-09-23,,777 Pine St,Houston,IL,25549,USA,,System_Admin,2025-09-23
202,1179,2025-08-06,,574 Pine St,Los Angeles,CO,59712,USA,,System_Admin,2025-08-06
202,1180,2018-02-03,,529 Pine St,Austin,NY,37011,USA,,System_Admin,2025-01-01
202,1181,2021-09-14,,145 Oak St,Denver,NY,80747,USA,,System_Admin,2025-01-01
202,1182,2025-04-16,,712 Pine St,Chicago,NY,49552,USA,,System_Admin,2025-04-16
202,1183,2025-04-12,,795 Oak St,Denver,TX,55143,USA,,System_Admin,2025-04-12
202,1184,2019-07-31,,872 Pine St,Denver,NY,39536,USA,,System_Admin,2025-01-01
202,1185,2021-04-22,,497 Main St,New York,NY,53288,USA,,System_Admin,2025-01-01
202,1186,2023-02-15,,486 Pine St,Austin,TX,34662,USA,,System_Admin,2025-01-01
202,1187,2018-09-25,,220 Pine St,Denver,NY,89220,USA,,System_Admin,2025-01-01
202,1188,2023-09-12,,467 Oak St,New York,IL,77215,USA,,System_Admin,2025-01-01
202,1189,2023-02-07,,420 Oak St,Austin,CO,39002,USA,,System_Admin,2025-01-01
202,1190,2021-07-20,,335 Oak St,San Antonio,CA,82173,USA,,System_Admin,2025-01-01
202,1191,2022-03-13,,850 Oak St,Houston,NY,81636,USA,,System_Admin,2025-01-01
202,1192,2015-08-29,,149 Main St,Los Angeles,NY,92667,USA,,System_Admin,2025-01-01
202,1193,2020-09-02,,753 Pine St,Denver,CA,12061,USA,,System_Admin,2025-01-01
202,1194,2025-02-05,,117 Pine St,Los Angeles,NY,24026,USA,,System_Admin,2025-02-05
202,1195,2021-12-13,,914 Oak St,Dallas,IL,63218,USA,,System_Admin,2025-01-01
202,1196,2017-07-14,,978 Pine St,Austin,TX,63120,USA,,System_Admin,2025-01-01
202,1197,2025-07-14,,611 Oak St,Chicago,CO,22499,USA,,System_Admin,2025-07-14
202,1198,2022-10-06,,176 Pine St,New York,CO,83860,USA,,System_Admin,2025-01-01
202,1199,2017-04-28,,406 Main St,San Antonio,CO,61007,USA,,System_Admin,2025-01-01
202,1200,2022-09-24,,454 Main St,Dallas,CA,40427,USA,,System_Admin,2025-01-01
