company_code,employee_id,effective_date,address_line_1,address_line_2,city,state,zip_code,county,country,address_end_date,notes,add_name,add_date,modified_by,modified_on
202,1001,2022-11-30,149 Main St,,Austin,TX,73301,USA,USA,,,System_Admin,2025-01-01,,
202,1002,2021-10-09,436 Park Rd,,Austin,TX,73301,USA,USA,,,System_Admin,2025-01-01,,
202,1003,2023-11-11,421 Maple Ave,,Austin,TX,73301,USA,USA,,,System_Admin,2025-01-01,,
202,1004,2023-10-13,209 Lake View,,Austin,TX,73301,USA,USA,,,System_Admin,2025-01-01,,
202,1005,2022-03-30,129 Main St,,Austin,TX,73301,USA,USA,,,System_Admin,2025-01-01,,
202,1006,2022-11-07,298 Oak Dr,,Austin,TX,73301,USA,USA,,,System_Admin,2025-01-01,,
202,1007,2023-02-06,683 Main St,,Austin,TX,73301,USA,USA,,,System_Admin,2025-01-01,,
202,1008,2023-11-24,115 Sunset Dr,,Austin,TX,73301,USA,USA,,,System_Admin,2025-01-01,,
202,1009,2023-06-20,565 Lake View,,Austin,TX,73301,USA,USA,,,System_Admin,2025-01-01,,
202,1010,2022-11-24,780 Park Rd,,Austin,TX,73301,USA,USA,,,System_Admin,2025-01-01,,
202,1011,2022-07-30,599 Park Rd,,Austin,TX,73301,USA,USA,,,System_Admin,2025-01-01,,
202,1012,2021-01-29,675 Maple Ave,,Austin,TX,73301,USA,USA,,,System_Admin,2025-01-01,,
202,1013,2021-02-28,478 Maple Ave,,Austin,TX,73301,USA,USA,,,System_Admin,2025-01-01,,
202,1014,2022-05-20,906 Washington Blvd,,Austin,TX,73301,USA,USA,,,System_Admin,2025-01-01,,
202,1015,2020-02-21,593 Washington Blvd,,Austin,TX,73301,USA,USA,,,System_Admin,2025-01-01,,
202,1016,2021-05-03,330 Hilltop,,Austin,TX,73301,USA,USA,,,System_Admin,2025-01-01,,
202,1017,2020-07-20,591 Washington Blvd,,Austin,TX,73301,USA,USA,,,System_Admin,2025-01-01,,
202,1018,2021-02-28,459 Washington Blvd,,Austin,TX,73301,USA,USA,,,System_Admin,2025-01-01,,
202,1019,2023-04-29,610 Park Rd,,Austin,TX,73301,USA,USA,,,System_Admin,2025-01-01,,
202,1020,2023-10-20,227 Oak Dr,,Austin,TX,73301,USA,USA,,,System_Admin,2025-01-01,,
202,1021,2022-11-20,635 Hilltop,,Austin,TX,73301,USA,USA,,,System_Admin,2025-01-01,,
202,1022,2022-08-07,831 Cedar Ln,,Austin,TX,73301,USA,USA,,,System_Admin,2025-01-01,,
202,1023,2023-04-02,849 Cedar Ln,,Austin,TX,73301,USA,USA,,,System_Admin,2025-01-01,,
202,1024,2023-08-01,868 Sunset Dr,,Austin,TX,73301,USA,USA,,,System_Admin,2025-01-01,,
202,1025,2025-01-25,508 Hilltop,,Austin,TX,73301,USA,USA,,,System_Admin,2025-01-01,,
202,1026,2020-09-08,980 Oak Dr,,Austin,TX,73301,USA,USA,,,System_Admin,2025-01-01,,
202,1027,2022-10-12,814 Hilltop,,Austin,TX,73301,USA,USA,,,System_Admin,2025-01-01,,
202,1028,2023-09-20,217 High St,,Austin,TX,73301,USA,USA,,,System_Admin,2025-01-01,,
202,1029,2022-08-28,492 High St,,Austin,TX,73301,USA,USA,,,System_Admin,2025-01-01,,
202,1030,2020-07-06,675 Lake View,,Austin,TX,73301,USA,USA,,,System_Admin,2025-01-01,,
202,1031,2020-07-06,190 Hilltop,,Austin,TX,73301,USA,USA,,,System_Admin,2025-01-01,,
202,1032,2020-11-20,202 Sunset Dr,,Austin,TX,73301,USA,USA,,,System_Admin,2025-01-01,,
202,1033,2023-04-03,390 High St,,Austin,TX,73301,USA,USA,,,System_Admin,2025-01-01,,
202,1034,2022-04-30,759 Oak Dr,,Austin,TX,73301,USA,USA,,,System_Admin,2025-01-01,,
202,1035,2022-08-24,652 Maple Ave,,Austin,TX,73301,USA,USA,,,System_Admin,2025-01-01,,
202,1036,2023-03-20,907 Park Rd,,Austin,TX,73301,USA,USA,,,System_Admin,2025-01-01,,
202,1037,2021-05-27,818 Maple Ave,,Austin,TX,73301,USA,USA,,,System_Admin,2025-01-01,,
202,1038,2023-12-02,251 Oak Dr,,Austin,TX,73301,USA,USA,,,System_Admin,2025-01-01,,
202,1039,2025-10-20,299 Main St,,Austin,TX,73301,USA,USA,,,System_Admin,2025-01-01,,
202,1040,2022-05-13,972 Park Rd,,Austin,TX,73301,USA,USA,,,System_Admin,2025-01-01,,
202,1041,2021-02-27,485 Cedar Ln,,Austin,TX,73301,USA,USA,,,System_Admin,2025-01-01,,
202,1042,2023-05-09,453 Washington Blvd,,Austin,TX,73301,USA,USA,,,System_Admin,2025-01-01,,
202,1043,2022-09-10,446 Cedar Ln,,Austin,TX,73301,USA,USA,,,System_Admin,2025-01-01,,
202,1044,2022-01-27,560 Main St,,Austin,TX,73301,USA,USA,,,System_Admin,2025-01-01,,
202,1045,2023-01-02,443 High St,,Austin,TX,73301,USA,USA,,,System_Admin,2025-01-01,,
202,1046,2021-10-12,744 Sunset Dr,,Austin,TX,73301,USA,USA,,,System_Admin,2025-01-01,,
202,1047,2022-02-28,550 Cedar Ln,,Austin,TX,73301,USA,USA,,,System_Admin,2025-01-01,,
202,1048,2020-12-14,528 Hilltop,,Austin,TX,73301,USA,USA,,,System_Admin,2025-01-01,,
202,1049,2021-10-10,232 Cedar Ln,,Austin,TX,73301,USA,USA,,,System_Admin,2025-01-01,,
202,1050,2021-03-14,221 Hilltop,,Austin,TX,73301,USA,USA,,,System_Admin,2025-01-01,,
303,1051,2021-02-14,199 Park Rd,,San Francisco,CA,94105,USA,USA,,,System_Admin,2025-01-01,,
303,1052,2020-11-20,500 Oak Dr,,San Francisco,CA,94105,USA,USA,,,System_Admin,2025-01-01,,
303,1053,2021-04-27,633 Hilltop,,San Francisco,CA,94105,USA,USA,,,System_Admin,2025-01-01,,
303,1054,2022-03-20,338 Hilltop,,San Francisco,CA,94105,USA,USA,,,System_Admin,2025-01-01,,
303,1055,2022-02-12,783 High St,,San Francisco,CA,94105,USA,USA,,,System_Admin,2025-01-01,,
303,1056,2021-06-08,394 Oak Dr,,San Francisco,CA,94105,USA,USA,,,System_Admin,2025-01-01,,
303,1057,2023-01-07,504 Hilltop,,San Francisco,CA,94105,USA,USA,,,System_Admin,2025-01-01,,
303,1058,2022-06-20,543 Sunset Dr,,San Francisco,CA,94105,USA,USA,,,System_Admin,2025-01-01,,
303,1059,2023-10-13,303 Maple Ave,,San Francisco,CA,94105,USA,USA,,,System_Admin,2025-01-01,,
303,1060,2022-11-02,912 Main St,,San Francisco,CA,94105,USA,USA,,,System_Admin,2025-01-01,,
303,1061,2020-07-14,135 Sunset Dr,,San Francisco,CA,94105,USA,USA,,,System_Admin,2025-01-01,,
303,1062,2021-12-03,809 Washington Blvd,,San Francisco,CA,94105,USA,USA,,,System_Admin,2025-01-01,,
303,1063,2023-12-23,504 Hilltop,,San Francisco,CA,94105,USA,USA,,,System_Admin,2025-01-01,,
303,1064,2020-03-15,611 Oak Dr,,San Francisco,CA,94105,USA,USA,,,System_Admin,2025-01-01,,
303,1065,2022-02-23,571 Maple Ave,,San Francisco,CA,94105,USA,USA,,,System_Admin,2025-01-01,,
303,1066,2022-01-06,256 Maple Ave,,San Francisco,CA,94105,USA,USA,,,System_Admin,2025-01-01,,
303,1067,2021-11-03,519 Oak Dr,,San Francisco,CA,94105,USA,USA,,,System_Admin,2025-01-01,,
303,1068,2022-06-02,191 Washington Blvd,,San Francisco,CA,94105,USA,USA,,,System_Admin,2025-01-01,,
303,1069,2020-02-26,137 Maple Ave,,San Francisco,CA,94105,USA,USA,,,System_Admin,2025-01-01,,
303,1070,2021-02-07,954 Lake View,,San Francisco,CA,94105,USA,USA,,,System_Admin,2025-01-01,,
303,1071,2020-08-01,770 Oak Dr,,San Francisco,CA,94105,USA,USA,,,System_Admin,2025-01-01,,
303,1072,2020-09-23,124 Sunset Dr,,San Francisco,CA,94105,USA,USA,,,System_Admin,2025-01-01,,
303,1073,2023-07-12,863 Hilltop,,San Francisco,CA,94105,USA,USA,,,System_Admin,2025-01-01,,
303,1074,2022-10-22,992 Lake View,,San Francisco,CA,94105,USA,USA,,,System_Admin,2025-01-01,,
303,1075,2023-08-14,806 Hilltop,,San Francisco,CA,94105,USA,USA,,,System_Admin,2025-01-01,,
303,1076,2020-09-20,914 Maple Ave,,San Francisco,CA,94105,USA,USA,,,System_Admin,2025-01-01,,
303,1077,2020-09-18,815 Lake View,,San Francisco,CA,94105,USA,USA,,,System_Admin,2025-01-01,,
303,1078,2022-08-19,975 Sunset Dr,,San Francisco,CA,94105,USA,USA,,,System_Admin,2025-01-01,,
303,1079,2021-03-25,875 Washington Blvd,,San Francisco,CA,94105,USA,USA,,,System_Admin,2025-01-01,,
303,1080,2025-03-31,115 Washington Blvd,,San Francisco,CA,94105,USA,USA,,,System_Admin,2025-01-01,,
303,1081,2021-02-10,211 High St,,San Francisco,CA,94105,USA,USA,,,System_Admin,2025-01-01,,
303,1082,2022-04-29,822 Hilltop,,San Francisco,CA,94105,USA,USA,,,System_Admin,2025-01-01,,
303,1083,2023-10-30,331 Oak Dr,,San Francisco,CA,94105,USA,USA,,,System_Admin,2025-01-01,,
303,1084,2023-07-01,332 Park Rd,,San Francisco,CA,94105,USA,USA,,,System_Admin,2025-01-01,,
303,1085,2021-05-09,214 Park Rd,,San Francisco,CA,94105,USA,USA,,,System_Admin,2025-01-01,,
303,1086,2021-01-30,309 High St,,San Francisco,CA,94105,USA,USA,,,System_Admin,2025-01-01,,
303,1087,2023-11-22,924 Washington Blvd,,San Francisco,CA,94105,USA,USA,,,System_Admin,2025-01-01,,
303,1088,2020-12-09,135 Sunset Dr,,San Francisco,CA,94105,USA,USA,,,System_Admin,2025-01-01,,
303,1089,2023-10-18,411 Sunset Dr,,San Francisco,CA,94105,USA,USA,,,System_Admin,2025-01-01,,
303,1090,2021-07-22,878 Hilltop,,San Francisco,CA,94105,USA,USA,,,System_Admin,2025-01-01,,
303,1091,2022-10-07,176 Lake View,,San Francisco,CA,94105,USA,USA,,,System_Admin,2025-01-01,,
303,1092,2023-06-13,873 Main St,,San Francisco,CA,94105,USA,USA,,,System_Admin,2025-01-01,,
303,1093,2023-04-16,120 Main St,,San Francisco,CA,94105,USA,USA,,,System_Admin,2025-01-01,,
303,1094,2020-10-29,725 Oak Dr,,San Francisco,CA,94105,USA,USA,,,System_Admin,2025-01-01,,
303,1095,2020-01-24,596 Hilltop,,San Francisco,CA,94105,USA,USA,,,System_Admin,2025-01-01,,
303,1096,2021-05-23,749 Lake View,,San Francisco,CA,94105,USA,USA,,,System_Admin,2025-01-01,,
303,1097,2022-01-01,587 Hilltop,,San Francisco,CA,94105,USA,USA,,,System_Admin,2025-01-01,,
303,1098,2025-12-21,999 Maple Ave,,San Francisco,CA,94105,USA,USA,,,System_Admin,2025-01-01,,
303,1099,2022-08-02,187 Park Rd,,San Francisco,CA,94105,USA,USA,,,System_Admin,2025-01-01,,
303,1100,2020-04-19,394 Park Rd,,San Francisco,CA,94105,USA,USA,,,System_Admin,2025-01-01,,
404,1101,2023-11-23,582 Maple Ave,,Chicago,IL,60601,USA,USA,,,System_Admin,2025-01-01,,
404,1102,2021-07-27,692 Hilltop,,Chicago,IL,60601,USA,USA,,,System_Admin,2025-01-01,,
404,1103,2020-06-28,785 Hilltop,,Chicago,IL,60601,USA,USA,,,System_Admin,2025-01-01,,
404,1104,2020-05-08,819 High St,,Chicago,IL,60601,USA,USA,,,System_Admin,2025-01-01,,
404,1105,2021-12-12,347 Lake View,,Chicago,IL,60601,USA,USA,,,System_Admin,2025-01-01,,
404,1106,2021-05-13,561 Lake View,,Chicago,IL,60601,USA,USA,,,System_Admin,2025-01-01,,
404,1107,2021-10-14,974 High St,,Chicago,IL,60601,USA,USA,,,System_Admin,2025-01-01,,
404,1108,2020-07-15,436 Park Rd,,Chicago,IL,60601,USA,USA,,,System_Admin,2025-01-01,,
404,1109,2021-01-14,666 Oak Dr,,Chicago,IL,60601,USA,USA,,,System_Admin,2025-01-01,,
404,1110,2022-08-31,184 Cedar Ln,,Chicago,IL,60601,USA,USA,,,System_Admin,2025-01-01,,
404,1111,2022-09-21,384 Hilltop,,Chicago,IL,60601,USA,USA,,,System_Admin,2025-01-01,,
404,1112,2022-09-14,612 Lake View,,Chicago,IL,60601,USA,USA,,,System_Admin,2025-01-01,,
404,1113,2021-12-22,279 Lake View,,Chicago,IL,60601,USA,USA,,,System_Admin,2025-01-01,,
404,1114,2023-05-07,410 Main St,,Chicago,IL,60601,USA,USA,,,System_Admin,2025-01-01,,
404,1115,2022-10-31,173 Maple Ave,,Chicago,IL,60601,USA,USA,,,System_Admin,2025-01-01,,
404,1116,2021-01-10,519 Sunset Dr,,Chicago,IL,60601,USA,USA,,,System_Admin,2025-01-01,,
404,1117,2023-07-09,544 Main St,,Chicago,IL,60601,USA,USA,,,System_Admin,2025-01-01,,
404,1118,2020-10-17,853 Sunset Dr,,Chicago,IL,60601,USA,USA,,,System_Admin,2025-01-01,,
404,1119,2021-01-28,762 Washington Blvd,,Chicago,IL,60601,USA,USA,,,System_Admin,2025-01-01,,
404,1120,2023-03-13,371 High St,,Chicago,IL,60601,USA,USA,,,System_Admin,2025-01-01,,
404,1121,2023-09-22,432 Park Rd,,Chicago,IL,60601,USA,USA,,,System_Admin,2025-01-01,,
404,1122,2022-10-13,234 Cedar Ln,,Chicago,IL,60601,USA,USA,,,System_Admin,2025-01-01,,
404,1123,2021-05-01,210 Sunset Dr,,Chicago,IL,60601,USA,USA,,,System_Admin,2025-01-01,,
404,1124,2021-06-27,100 Washington Blvd,,Chicago,IL,60601,USA,USA,,,System_Admin,2025-01-01,,
404,1125,2022-08-24,205 Washington Blvd,,Chicago,IL,60601,USA,USA,,,System_Admin,2025-01-01,,
404,1126,2023-06-27,573 Maple Ave,,Chicago,IL,60601,USA,USA,,,System_Admin,2025-01-01,,
404,1127,2020-01-27,599 Main St,,Chicago,IL,60601,USA,USA,,,System_Admin,2025-01-01,,
404,1128,2021-07-22,341 High St,,Chicago,IL,60601,USA,USA,,,System_Admin,2025-01-01,,
404,1129,2021-05-29,484 Washington Blvd,,Chicago,IL,60601,USA,USA,,,System_Admin,2025-01-01,,
404,1130,2022-01-14,529 Park Rd,,Chicago,IL,60601,USA,USA,,,System_Admin,2025-01-01,,
404,1131,2022-09-22,319 Oak Dr,,Chicago,IL,60601,USA,USA,,,System_Admin,2025-01-01,,
404,1132,2020-09-26,140 Lake View,,Chicago,IL,60601,USA,USA,,,System_Admin,2025-01-01,,
404,1133,2022-02-15,715 Maple Ave,,Chicago,IL,60601,USA,USA,,,System_Admin,2025-01-01,,
404,1134,2021-06-12,832 Hilltop,,Chicago,IL,60601,USA,USA,,,System_Admin,2025-01-01,,
404,1135,2025-01-24,274 High St,,Chicago,IL,60601,USA,USA,,,System_Admin,2025-01-01,,
404,1136,2022-01-13,573 Lake View,,Chicago,IL,60601,USA,USA,,,System_Admin,2025-01-01,,
404,1137,2020-04-17,642 Lake View,,Chicago,IL,60601,USA,USA,,,System_Admin,2025-01-01,,
404,1138,2021-12-14,328 Lake View,,Chicago,IL,60601,USA,USA,,,System_Admin,2025-01-01,,
404,1139,2022-12-26,954 Cedar Ln,,Chicago,IL,60601,USA,USA,,,System_Admin,2025-01-01,,
404,1140,2021-05-06,108 Park Rd,,Chicago,IL,60601,USA,USA,,,System_Admin,2025-01-01,,
404,1141,2023-02-26,281 Washington Blvd,,Chicago,IL,60601,USA,USA,,,System_Admin,2025-01-01,,
404,1142,2022-02-12,940 Main St,,Chicago,IL,60601,USA,USA,,,System_Admin,2025-01-01,,
404,1143,2022-08-08,509 High St,,Chicago,IL,60601,USA,USA,,,System_Admin,2025-01-01,,
404,1144,2022-04-09,386 Washington Blvd,,Chicago,IL,60601,USA,USA,,,System_Admin,2025-01-01,,
404,1145,2023-09-22,545 Oak Dr,,Chicago,IL,60601,USA,USA,,,System_Admin,2025-01-01,,
404,1146,2021-04-28,603 Cedar Ln,,Chicago,IL,60601,USA,USA,,,System_Admin,2025-01-01,,
404,1147,2021-10-24,515 Cedar Ln,,Chicago,IL,60601,USA,USA,,,System_Admin,2025-01-01,,
404,1148,2022-11-20,756 Park Rd,,Chicago,IL,60601,USA,USA,,,System_Admin,2025-01-01,,
404,1149,2021-08-20,853 Cedar Ln,,Chicago,IL,60601,USA,USA,,,System_Admin,2025-01-01,,
404,1150,2022-05-12,845 Lake View,,Chicago,IL,60601,USA,USA,,,System_Admin,2025-01-01,,
